SKU,Marca,Tipo,Categoria,Modelo,Origen,Talle,Temporada,Color,Tela,Precio,Imagen Destacada,Galería
100,LDE,CAJA RECIBIDORA ,,OCB,ARGENTINA ,,2018/2019,,,,,
101,LDE,SET RECIBIDOR COMPLETO,,1920,ARGENTINA ,,2018/2019,,,,,
102,LDE,CAJA AJUAR COMPLETO,,1900,ARGENTINA ,,2018/2019,,,,,
103,LDE,CAJA NENAS HADAS,,2002,ARGENTINA ,,2018/2019,,,,,
104,LDE,CAJA NENAS CUPCAKES,,2004,ARGENTINA ,,2018/2019,,,,,
105,LDE,CAJA VARÓN BORDADO PERRITO,,2001,ARGENTINA ,,2018/2019,,,,,
106,LDE,CAJA VARÓN OSO ,,2003,ARGENTINA ,,2018/2019,,,,,
107,LDE,CAJA GATITO HELLO,,2038,ARGENTINA ,,2018/2019,,,,,
108,LDE,CAJA NENA GATITO CON BODY,,2040,ARGENTINA ,,2018/2019,,,,,
109,LDE,CAJA NENA BRODERY CORAZON ,,2057,ARGENTINA ,,2018/2019,,,,,
110,LDE,CAJA VARÓN MARINERO,,2068,ARGENTINA ,,2018/2019,,,,,
111,LDE,CAJA VARÓN ESTRELLA ACT,,2008,ARGENTINA ,0 al 2,2018/2019,,,350,,
112,LDE,CAJA VARÓN CON BODY,,2039,ARGENTINA ,,2018/2019,,,,,
113,LDE,JARDINERO CUADRO,,1869,ARGENTINA ,,2018/2019,,,,,
114,LDE,ENTERITO ALGON RAYADO OREJITAS ,,2022,ARGENTINA ,,2018/2019,,,,,
115,LDE,ENTERITO CORTO VARÓN ANIMALITOS ,,2021,ARGENTINA ,,2018/2019,,,,,
116,LDE,ENTERITO JERSEY ,,1885,ARGENTINA ,,2018/2019,,,,,
117,LDE,BODY CAMISA ESTAMPADO,,2084,ARGENTINA ,0 al 5,2018/2019,Azul / Blanco,,300,,
118,LDE,BODY CHOMBA VARON PALMERAS,,2010,ARGENTINA ,0 al 5,2018/2019,Azul / Verde,,250,,
119,LDE,BODY MUSCULOSO ESTAMPADO,,2014,ARGENTINA ,0 al 5,2018/2019,,,200,,
120,LDE,BODY NENA LOVE LENTEJUELAS,,2023,ARGENTINA ,,2018/2019,,,,,
121,LDE,CAMPERA DE JEANS C/MANGAS RUSTICO,,1559,ARGENTINA ,,2018/2019,,,,,
122,LDE,CONJ. INTER. NENA Y VARON CON BORDADO ESPAL,,1520,ARGENTINA ,,2018/2019,,,,,
123,LDE,CONJ VARON RUSTICO PALMERAS,,1867,ARGENTINA ,,2018/2019,,,,,
124,LDE,CONJ NENA RUSTICO ESTAMPADO,,1857,ARGENTINA ,,2018/2019,,,,,
125,LDE,CONJ INTERLOCK NENA CORAZONES ,,1852,ARGENTINA ,1 al 5,2018/2019,rosa/ violeta ,,500,,
126,LDE,BODY CHOMBA VARON CACTUS ,,1823,ARGENTINA ,,2018/2019,,,,,
127,LDE,BODY NENA CON MOÑO ESTAMPADO ,,1829,ARGENTINA ,,2018/2019,,,,,
128,LDE,BODY VARON ESTAMPADO VELERO,,1821,ARGENTINA ,,2018/2019,,,,,
129,LDE,BODY ETIQUETA NENA Y VARON ESTAMPADO ,,1827,ARGENTINA ,,2018/2019,,,,,
130,LDE,BODY ESTAMPADO UNISEX MUSCULOSO,,1519,ARGENTINA ,,2018/2019,,,,,
131,LDE,VESTIDO DE JERSEY FLOREADO,,1842,ARGENTINA ,,2018/2019,,,,,
132,LDE,CONJ NENA CONEJO C/SHORT ,,1839,ARGENTINA ,,2018/2019,,,,,
133,LDE,SHORT ESCOCES,,1871,ARGENTINA ,,2018/2019,,,,,
134,LDE,CAMISA DE JEANS VARON,,2042,ARGENTINA ,,2018/2019,,,,,
135,LDE,CHOMBA NENE ESTAMPADA AUTITO,,2017,ARGENTINA ,,2018/2019,,,,,
136,LDE,REMERA ESTAMPA,,OF,ARGENTINA ,,2018/2019,,,,,
137,LDE,REMERAS VARIAS,,REMERA,ARGENTINA ,,2018/2019,,,,,
138,LDE,CONJ NENA/VARON ALGODÓN ESTAMP,,1834,ARGENTINA ,,2018/2019,,,,,
139,LDE,CONJ MUSCULOSA ADVENTURE,,1835,ARGENTINA ,,2018/2019,,,,,
140,LDE,CHOMBA VARON RAYADA,,1879,ARGENTINA ,,2018/2019,,,,,
141,LDE,VESTIDO MOÑO,,2095,ARGENTINA ,,2018/2019,,,,,
142,LDE,VESTIDO MOÑO CON TULL,,2089,ARGENTINA ,,2018/2019,,,,,
143,LDE,VESTIDO FLORIADO BORDADO,,2063,ARGENTINA ,,2018/2019,,,,,
144,LDE,SHORT DE JEANS C/ VOLADOS,,2044,ARGENTINA ,,2018/2019,,,,,
145,LDE,SHORT CAMUFLADO RUSTICO VARON,,2046,ARGENTINA ,,2018/2019,,,,,
146,LDE,SHORT VARON LISO RUSTICO,,2051,ARGENTINA ,1 al 5,2018/2019,Gris/Azul/celeste,,200,,
147,LDE,POLLERA JEANS APLIQUES ,,1887,ARGENTINA ,,2018/2019,,,,,
148,LDE,BERMUDA DE JEANS VARON,,1886,ARGENTINA ,,2018/2019,,,,,
149,LDE,SHORT CHAMBRE NENA,,1894,ARGENTINA ,,2018/2019,,,,,
150,LDE,JARDINERO VARON ESTAMPADO ,,2077,ARGENTINA ,,2018/2019,,,,,
151,LDE,MEDIAS ESTAMPADAS,,387,ARGENTINA ,,2018/2019,,,,,
152,LDE,MEDIAS CALADAS,,389,ARGENTINA ,,2018/2019,,,,,
153,LDE,TOALLON PEPE,,382,ARGENTINA ,,2018/2019,,,,,
154,LDE,BABERO CARITA,,381,ARGENTINA ,,2018/2019,,,,,
155,LDE,BABERO ESTAMPADO UNISEX,,380,ARGENTINA ,,2018/2019,,,,,
156,LDE,MANTA PLUSH,,848,ARGENTINA ,,2018/2019,,,,,
157,LDE,MANTA DOBLE,,451,ARGENTINA ,,2018/2019,,,,,
158,LDE,REMERA NENA MORE BORDADA,,2020,ARGENTINA ,1 al 6,2018/2019,Rosa/Gris/Negra,,300,,
159,LDE,JEANS NENA BORDADO FLORES ,,1889,ARGENTINA ,,2018/2019,,,,,
160,,,,,,,2018/2019,,,,,
161,,,,,,,,,,,,
,,,,,,,,,,,,
,,,,,,,,,,,,
,,,,,,,,,,,,
,,,,,,,,,,,,
,,,,,,,,,,,,
,,,,,,,,,,,,
,,,,,,,,,,,,
,,,,,,,,,,,,
,,,,,,,,,,,,
,,,,,,,,,,,,
,,,,,,,,,,,,
,,,,,,,,,,,,
,,,,,,,,,,,,
,,,,,,,,,,,,
,,,,,,,,,,,,
,,,,,,,,,,,,
,,,,,,,,,,,,
,,,,,,,,,,,,
,,,,,,,,,,,,
,,,,,,,,,,,,
,,,,,,,,,,,,
,,,,,,,,,,,,
,,,,,,,,,,,,
,,,,,,,,,,,,
,,,,,,,,,,,,
,,,,,,,,,,,,
,,,,,,,,,,,,
,,,,,,,,,,,,
,,,,,,,,,,,,
,,,,,,,,,,,,
,,,,,,,,,,,,
,,,,,,,,,,,,
,,,,,,,,,,,,
,,,,,,,,,,,,
,,,,,,,,,,,,
,,,,,,,,,,,,
