SKU;Marca;Producto;Categoria;Modelo;Origen;Talle;Temporada;Color;Tela;Precio;Imagen;Galeria
154;LDE;BABERO CARITA;Babero;381;ARGENTINA ;0 al 5;2018/2019;Azul / Blanco;Algodón;300;T_7_front.jpg;T_7_front.jpg
155;LDE;BABERO ESTAMPADO UNISEX;Babero;380;ARGENTINA ;0 al 5;2018/2019;Azul / Blanco;Algodón;300;T_7_front.jpg;T_7_front.jpg
148;LDE;BERMUDA DE JEANS VARON;Bermuda;1886;ARGENTINA ;0 al 5;2018/2019;Azul / Blanco;Algodón;300;T_7_front.jpg;T_7_front.jpg
117;LDE;BODY CAMISA ESTAMPADO;Body;2084;ARGENTINA ;0 al 5;2018/2019;Azul / Blanco;Algodón;300;T_7_front.jpg;T_7_front.jpg
126;LDE;BODY CHOMBA VARON CACTUS ;Body;1823;ARGENTINA ;0 al 5;2018/2019;Azul / Blanco;Algodón;300;T_7_front.jpg;T_7_front.jpg
118;LDE;BODY CHOMBA VARON PALMERAS;Body;2010;ARGENTINA ;0 al 5;2018/2019;Azul / Verde;Algodón;250;T_7_front.jpg;T_7_front.jpg
130;LDE;BODY ESTAMPADO UNISEX MUSCULOSO;Body;1519;ARGENTINA ;0 al 5;2018/2019;Azul / Verde;Algodón;250;T_7_front.jpg;T_7_front.jpg
129;LDE;BODY ETIQUETA NENA Y VARON ESTAMPADO ;Body;1827;ARGENTINA ;0 al 5;2018/2019;Azul / Verde;Algodón;250;T_7_front.jpg;T_7_front.jpg
119;LDE;BODY MUSCULOSO ESTAMPADO;Body;2014;ARGENTINA ;0 al 5;2018/2019;Azul / Verde;Algodón;200;T_7_front.jpg;T_7_front.jpg
127;LDE;BODY NENA CON MOÑO ESTAMPADO ;Body;1829;ARGENTINA ;0 al 5;2018/2019;Azul / Verde;Algodón;200;T_7_front.jpg;T_7_front.jpg
120;LDE;BODY NENA LOVE LENTEJUELAS;Body;2023;ARGENTINA ;0 al 5;2018/2019;Azul / Verde;Algodón;200;T_7_front.jpg;T_7_front.jpg
128;LDE;BODY VARON ESTAMPADO VELERO;Body;1821;ARGENTINA ;0 al 5;2018/2019;Azul / Verde;Algodón;200;T_7_front.jpg;T_7_front.jpg
102;LDE;CAJA AJUAR COMPLETO;Caja;1900;ARGENTINA ;0 al 5;2018/2019;Azul / Verde;Algodón;200;T_7_front.jpg;T_7_front.jpg
107;LDE;CAJA GATITO HELLO;Caja;2038;ARGENTINA ;0 al 5;2018/2019;Azul / Verde;Algodón;200;T_7_front.jpg;T_7_front.jpg
109;LDE;CAJA NENA BRODERY CORAZON ;Caja;2057;ARGENTINA ;0 al 5;2018/2019;Azul / Verde;Algodón;200;T_7_front.jpg;T_7_front.jpg
108;LDE;CAJA NENA GATITO CON BODY;Caja;2040;ARGENTINA ;0 al 5;2018/2019;Azul / Verde;Algodón;200;T_7_front.jpg;T_7_front.jpg
104;LDE;CAJA NENAS CUPCAKES;Caja;2004;ARGENTINA ;0 al 5;2018/2019;Azul / Verde;Algodón;200;T_7_front.jpg;T_7_front.jpg
103;LDE;CAJA NENAS HADAS;Caja;2002;ARGENTINA ;0 al 5;2018/2019;Azul / Verde;Algodón;200;T_7_front.jpg;T_7_front.jpg
100;LDE;CAJA RECIBIDORA ;Caja;OCB;ARGENTINA ;0 al 5;2018/2019;Azul / Verde;Algodón;200;T_7_front.jpg;T_7_front.jpg
105;LDE;CAJA VARÓN BORDADO PERRITO;Caja;2001;ARGENTINA ;0 al 5;2018/2019;Azul / Verde;Algodón;200;T_7_front.jpg;T_7_front.jpg
112;LDE;CAJA VARÓN CON BODY;Caja;2039;ARGENTINA ;0 al 5;2018/2019;Azul / Verde;Algodón;200;T_7_front.jpg;T_7_front.jpg
111;LDE;CAJA VARÓN ESTRELLA ACT;Caja;2008;ARGENTINA ;0 al 2;2018/2019;Azul / Verde;Algodón;350;T_7_front.jpg;T_7_front.jpg
110;LDE;CAJA VARÓN MARINERO;Caja;2068;ARGENTINA ;0 al 2;2018/2019;Azul / Verde;Algodón;350;T_7_front.jpg;T_7_front.jpg
106;LDE;CAJA VARÓN OSO ;Caja;2003;ARGENTINA ;0 al 2;2018/2019;Azul / Verde;Algodón;350;T_7_front.jpg;T_7_front.jpg
134;LDE;CAMISA DE JEANS VARON;Camisa;2042;ARGENTINA ;1 al 5;2018/2019;Azul / Verde;Algodón;350;T_7_front.jpg;T_7_front.jpg
121;LDE;CAMPERA DE JEANS C/MANGAS RUSTICO;Campera;1559;ARGENTINA ;1 al 5;2018/2019;Azul / Verde;Algodón;350;T_7_front.jpg;T_7_front.jpg
135;LDE;CHOMBA NENE ESTAMPADA AUTITO;Chomba;2017;ARGENTINA ;1 al 5;2018/2019;Azul / Verde;Algodón;350;T_7_front.jpg;T_7_front.jpg
140;LDE;CHOMBA VARON RAYADA;Chomba;1879;ARGENTINA ;1 al 5;2018/2019;Azul / Verde;Algodón;350;T_7_front.jpg;T_7_front.jpg
125;LDE;CONJ INTERLOCK NENA CORAZONES ;Conj;1852;ARGENTINA ;1 al 5;2018/2019;rosa/ violeta ;Algodón;500;T_7_front.jpg;T_7_front.jpg
139;LDE;CONJ MUSCULOSA ADVENTURE;Conj;1835;ARGENTINA ;1 al 5;2018/2019;rosa/ violeta ;Algodón;500;T_7_front.jpg;T_7_front.jpg
132;LDE;CONJ NENA CONEJO C/SHORT ;Conj;1839;ARGENTINA ;1 al 5;2018/2019;rosa/ violeta ;Algodón;500;T_7_front.jpg;T_7_front.jpg
124;LDE;CONJ NENA RUSTICO ESTAMPADO;Conj;1857;ARGENTINA ;1 al 5;2018/2019;rosa/ violeta ;Algodón;500;T_7_front.jpg;T_7_front.jpg
138;LDE;CONJ NENA/VARON ALGODÓN ESTAMP;Conj;1834;ARGENTINA ;1 al 5;2018/2019;rosa/ violeta ;Algodón;500;T_7_front.jpg;T_7_front.jpg
123;LDE;CONJ VARON RUSTICO PALMERAS;Conj;1867;ARGENTINA ;1 al 5;2018/2019;rosa/ violeta ;Algodón;500;T_7_front.jpg;T_7_front.jpg
122;LDE;CONJ. INTER. NENA Y VARON CON BORDADO ESPAL;Conj;1520;ARGENTINA ;1 al 5;2018/2019;rosa/ violeta ;Algodón;500;T_7_front.jpg;T_7_front.jpg
114;LDE;ENTERITO ALGON RAYADO OREJITAS ;Enterito;2022;ARGENTINA ;1 al 5;2018/2019;rosa/ violeta ;Algodón;500;T_7_front.jpg;T_7_front.jpg
115;LDE;ENTERITO CORTO VARÓN ANIMALITOS ;Enterito;2021;ARGENTINA ;1 al 5;2018/2019;rosa/ violeta ;Algodón;500;T_7_front.jpg;T_7_front.jpg
116;LDE;ENTERITO JERSEY ;Enterito;1885;ARGENTINA ;1 al 5;2018/2019;rosa/ violeta ;Algodón;500;T_7_front.jpg;T_7_front.jpg
113;LDE;JARDINERO CUADRO;Jardinero;1869;ARGENTINA ;1 al 5;2018/2019;rosa/ violeta ;Algodón;500;T_7_front.jpg;T_7_front.jpg
150;LDE;JARDINERO VARON ESTAMPADO ;Jardinero;2077;ARGENTINA ;1 al 5;2018/2019;rosa/ violeta ;Algodón;500;T_7_front.jpg;T_7_front.jpg
159;LDE;JEANS NENA BORDADO FLORES ;Jeans;1889;ARGENTINA ;1 al 5;2018/2019;rosa/ violeta ;Algodón;500;T_7_front.jpg;T_7_front.jpg
157;LDE;MANTA DOBLE;Manta;451;ARGENTINA ;1 al 5;2018/2019;rosa/ violeta ;Algodón;500;T_7_front.jpg;T_7_front.jpg
156;LDE;MANTA PLUSH;Manta;848;ARGENTINA ;1 al 5;2018/2019;rosa/ violeta ;Algodón;500;T_7_front.jpg;T_7_front.jpg
152;LDE;MEDIAS CALADAS;Medias;389;ARGENTINA ;1 al 5;2018/2019;rosa/ violeta ;Algodón;500;T_7_front.jpg;T_7_front.jpg
151;LDE;MEDIAS ESTAMPADAS;Medias;387;ARGENTINA ;1 al 5;2018/2019;rosa/ violeta ;Algodón;500;T_7_front.jpg;T_7_front.jpg
147;LDE;POLLERA JEANS APLIQUES ;Pollera;1887;ARGENTINA ;1 al 5;2018/2019;rosa/ violeta ;Algodón;500;T_7_front.jpg;T_7_front.jpg
136;LDE;REMERA ESTAMPA;Remera;OF;ARGENTINA ;1 al 5;2018/2019;rosa/ violeta ;Algodón;500;T_7_front.jpg;T_7_front.jpg
158;LDE;REMERA NENA MORE BORDADA;Remera;2020;ARGENTINA ;1 al 6;2018/2019;Rosa/Gris/Negra;Algodón;300;T_7_front.jpg;T_7_front.jpg
137;LDE;REMERAS VARIAS;Remeras;REMERA;ARGENTINA ;1 al 6;2018/2019;Rosa/Gris/Negra;Algodón;300;T_7_front.jpg;T_7_front.jpg
101;LDE;SET RECIBIDOR COMPLETO;Set;1920;ARGENTINA ;1 al 6;2018/2019;Rosa/Gris/Negra;Algodón;300;T_7_front.jpg;T_7_front.jpg
145;LDE;SHORT CAMUFLADO RUSTICO VARON;Short;2046;ARGENTINA ;1 al 6;2018/2019;Rosa/Gris/Negra;Algodón;300;T_7_front.jpg;T_7_front.jpg
149;LDE;SHORT CHAMBRE NENA;Short;1894;ARGENTINA ;1 al 6;2018/2019;Rosa/Gris/Negra;Algodón;300;T_7_front.jpg;T_7_front.jpg
144;LDE;SHORT DE JEANS C/ VOLADOS;Short;2044;ARGENTINA ;1 al 6;2018/2019;Rosa/Gris/Negra;Algodón;300;T_7_front.jpg;T_7_front.jpg
133;LDE;SHORT ESCOCES;Short;1871;ARGENTINA ;1 al 6;2018/2019;Rosa/Gris/Negra;Algodón;300;T_7_front.jpg;T_7_front.jpg
146;LDE;SHORT VARON LISO RUSTICO;Short;2051;ARGENTINA ;1 al 5;2018/2019;Gris/Azul/celeste;Algodón;200;T_7_front.jpg;T_7_front.jpg
153;LDE;TOALLON PEPE;Toallon;382;ARGENTINA ;1 al 5;2018/2019;Gris/Azul/celeste;Algodón;200;T_7_front.jpg;T_7_front.jpg
131;LDE;VESTIDO DE JERSEY FLOREADO;Vestido;1842;ARGENTINA ;1 al 5;2018/2019;Gris/Azul/celeste;Algodón;200;T_7_front.jpg;T_7_front.jpg
143;LDE;VESTIDO FLORIADO BORDADO;Vestido;2063;ARGENTINA ;1 al 5;2018/2019;Gris/Azul/celeste;Algodón;200;T_7_front.jpg;T_7_front.jpg
141;LDE;VESTIDO MOÑO;Vestido;2095;ARGENTINA ;1 al 5;2018/2019;Gris/Azul/celeste;Algodón;200;T_7_front.jpg;T_7_front.jpg
142;LDE;VESTIDO MOÑO CON TULL;Vestido;2089;ARGENTINA ;1 al 5;2018/2019;Gris/Azul/celeste;Algodón;200;T_7_front.jpg;T_7_front.jpg
;;;;;;;;;;;;
;;;;;;;;;;;;
;;;;;;;;;;;;
;;;;;;;;;;;;
;;;;;;;;;;;;
;;;;;;;;;;;;
;;;;;;;;;;;;
;;;;;;;;;;;;
;;;;;;;;;;;;
;;;;;;;;;;;;
;;;;;;;;;;;;
;;;;;;;;;;;;
;;;;;;;;;;;;
;;;;;;;;;;;;
;;;;;;;;;;;;
;;;;;;;;;;;;
;;;;;;;;;;;;
;;;;;;;;;;;;
;;;;;;;;;;;;
;;;;;;;;;;;;
;;;;;;;;;;;;
;;;;;;;;;;;;
;;;;;;;;;;;;
;;;;;;;;;;;;
;;;;;;;;;;;;
;;;;;;;;;;;;
;;;;;;;;;;;;
;;;;;;;;;;;;
;;;;;;;;;;;;
;;;;;;;;;;;;
;;;;;;;;;;;;
;;;;;;;;;;;;
;;;;;;;;;;;;
;;;;;;;;;;;;
;;;;;;;;;;;;
